FID,Shape_Leng,Shape_Area,Shape__Area,Shape__Length
1,2799.877934,104035.7794,190252.957,3788.445372
2,331840.4792,72502440.4,132779932.6,449126.6597
